{"dataset_mean": [-1.5989934206008911, 1.636290431022644, -0.8614788055419922], "dataset_std": [26.251007080078125, 16.471181869506836, 1.385236382484436], "pose_mean": [-3.6344081308925524e-05, -0.01765310764312744, 1.0260169506072998, -6.305006536422297e-05, 4.4012303987983614e-05, 3.314675950605306e-06], "pose_std": [0.024274777621030807, 0.013814806006848812, 0.4693661630153656, 0.0030703293159604073, 0.017424309626221657, 0.002628801856189966]}